{
    "name": "root",
    "gauges": {
        "NpcBehavior.Policy.Entropy.mean": {
            "value": 1.4055863618850708,
            "min": 1.4055863618850708,
            "max": 1.4174238443374634,
            "count": 3
        },
        "NpcBehavior.Policy.Entropy.sum": {
            "value": 70244.1796875,
            "min": 70244.1796875,
            "max": 70998.7578125,
            "count": 3
        },
        "NpcBehavior.Step.mean": {
            "value": 149975.0,
            "min": 49970.0,
            "max": 149975.0,
            "count": 3
        },
        "NpcBehavior.Step.sum": {
            "value": 149975.0,
            "min": 49970.0,
            "max": 149975.0,
            "count": 3
        },
        "NpcBehavior.Policy.ExtrinsicValueEstimate.mean": {
            "value": -1.4812145233154297,
            "min": -3.795478582382202,
            "max": -1.4812145233154297,
            "count": 3
        },
        "NpcBehavior.Policy.ExtrinsicValueEstimate.sum": {
            "value": -1811.525390625,
            "min": -7606.13916015625,
            "max": -1811.525390625,
            "count": 3
        },
        "NpcBehavior.Policy.GailValueEstimate.mean": {
            "value": 14.743439674377441,
            "min": 4.214841365814209,
            "max": 14.743439674377441,
            "count": 3
        },
        "NpcBehavior.Policy.GailValueEstimate.sum": {
            "value": 18031.2265625,
            "min": 8446.5419921875,
            "max": 18031.2265625,
            "count": 3
        },
        "NpcBehavior.Environment.EpisodeLength.mean": {
            "value": 78.6923076923077,
            "min": 31.259857789269553,
            "max": 78.6923076923077,
            "count": 3
        },
        "NpcBehavior.Environment.EpisodeLength.sum": {
            "value": 49104.0,
            "min": 48359.0,
            "max": 49104.0,
            "count": 3
        },
        "NpcBehavior.Environment.CumulativeReward.mean": {
            "value": -10.713141025641026,
            "min": -15.032320620555915,
            "max": -10.713141025641026,
            "count": 3
        },
        "NpcBehavior.Environment.CumulativeReward.sum": {
            "value": -6685.0,
            "min": -23255.0,
            "max": -6685.0,
            "count": 3
        },
        "NpcBehavior.Policy.ExtrinsicReward.mean": {
            "value": -10.713141025641026,
            "min": -15.032320620555915,
            "max": -10.713141025641026,
            "count": 3
        },
        "NpcBehavior.Policy.ExtrinsicReward.sum": {
            "value": -6685.0,
            "min": -23255.0,
            "max": -6685.0,
            "count": 3
        },
        "NpcBehavior.Policy.GailReward.mean": {
            "value": 25.4132187503796,
            "min": 11.082465166285028,
            "max": 25.4132187503796,
            "count": 3
        },
        "NpcBehavior.Policy.GailReward.sum": {
            "value": 15857.848500236869,
            "min": 15857.848500236869,
            "max": 17198.72919049859,
            "count": 3
        },
        "NpcBehavior.Losses.PolicyLoss.mean": {
            "value": 0.024153201493772942,
            "min": 0.023428722008441885,
            "max": 0.024153201493772942,
            "count": 3
        },
        "NpcBehavior.Losses.PolicyLoss.sum": {
            "value": 0.1207660074688647,
            "min": 0.09624406731090857,
            "max": 0.1207660074688647,
            "count": 3
        },
        "NpcBehavior.Losses.ValueLoss.mean": {
            "value": 12.134154936472576,
            "min": 12.134154936472576,
            "max": 13.497116374969483,
            "count": 3
        },
        "NpcBehavior.Losses.ValueLoss.sum": {
            "value": 60.67077468236288,
            "min": 53.98846549987793,
            "max": 61.04682013193766,
            "count": 3
        },
        "NpcBehavior.Policy.LearningRate.mean": {
            "value": 0.00028145325618224987,
            "min": 0.00028145325618224987,
            "max": 0.0002961532137822625,
            "count": 3
        },
        "NpcBehavior.Policy.LearningRate.sum": {
            "value": 0.0014072662809112495,
            "min": 0.00118461285512905,
            "max": 0.0014459607180131,
            "count": 3
        },
        "NpcBehavior.Policy.Epsilon.mean": {
            "value": 0.19381774999999996,
            "min": 0.19381774999999996,
            "max": 0.1987177375,
            "count": 3
        },
        "NpcBehavior.Policy.Epsilon.sum": {
            "value": 0.9690887499999998,
            "min": 0.79487095,
            "max": 0.9819869,
            "count": 3
        },
        "NpcBehavior.Policy.Beta.mean": {
            "value": 0.004691505725,
            "min": 0.004691505725,
            "max": 0.00493601510125,
            "count": 3
        },
        "NpcBehavior.Policy.Beta.sum": {
            "value": 0.023457528624999998,
            "min": 0.019744060405,
            "max": 0.02410114631,
            "count": 3
        },
        "NpcBehavior.Policy.GAILPolicyEstimate.mean": {
            "value": 0.4489216512441635,
            "min": 0.4489216512441635,
            "max": 0.4911418142418067,
            "count": 3
        },
        "NpcBehavior.Policy.GAILPolicyEstimate.sum": {
            "value": 2.2446082562208174,
            "min": 1.9645672569672268,
            "max": 2.4248407214879992,
            "count": 3
        },
        "NpcBehavior.Policy.GAILExpertEstimate.mean": {
            "value": 0.5755612238248189,
            "min": 0.5085563731690248,
            "max": 0.5755612238248189,
            "count": 3
        },
        "NpcBehavior.Policy.GAILExpertEstimate.sum": {
            "value": 2.8778061191240947,
            "min": 2.034225492676099,
            "max": 2.8778061191240947,
            "count": 3
        },
        "NpcBehavior.Losses.GAILLoss.mean": {
            "value": 1.1686921111742656,
            "min": 1.1686921111742656,
            "max": 1.35790318051974,
            "count": 3
        },
        "NpcBehavior.Losses.GAILLoss.sum": {
            "value": 5.843460555871328,
            "min": 5.43161272207896,
            "max": 6.5311771353085835,
            "count": 3
        },
        "NpcBehavior.Policy.GAILGradMagLoss.mean": {
            "value": 0.07338950866212449,
            "min": 0.07338950866212449,
            "max": 4.121380935609341,
            "count": 3
        },
        "NpcBehavior.Policy.GAILGradMagLoss.sum": {
            "value": 0.3669475433106224,
            "min": 0.3669475433106224,
            "max": 16.485523742437366,
            "count": 3
        },
        "NpcBehavior.Losses.PretrainingLoss.mean": {
            "value": 1.1489497820536294,
            "min": 1.1489497820536294,
            "max": 1.2034185926119487,
            "count": 3
        },
        "NpcBehavior.Losses.PretrainingLoss.sum": {
            "value": 5.744748910268147,
            "min": 4.813674370447795,
            "max": 5.774059553941091,
            "count": 3
        },
        "NpcBehavior.IsTraining.mean": {
            "value": 1.0,
            "min": 1.0,
            "max": 1.0,
            "count": 3
        },
        "NpcBehavior.IsTraining.sum": {
            "value": 1.0,
            "min": 1.0,
            "max": 1.0,
            "count": 3
        }
    },
    "metadata": {
        "timer_format_version": "0.1.0",
        "start_time_seconds": "1724048949",
        "python_version": "3.10.11 (tags/v3.10.11:7d4cc5a, Apr  5 2023, 00:38:17) [MSC v.1929 64 bit (AMD64)]",
        "command_line_arguments": "C:\\Users\\lalop\\AppData\\Local\\Packages\\PythonSoftwareFoundation.Python.3.10_qbz5n2kfra8p0\\LocalCache\\local-packages\\Python310\\Scripts\\mlagents-learn NpcBehavior.yaml --run-id=NpcBehavior",
        "mlagents_version": "1.1.0.dev0",
        "mlagents_envs_version": "1.1.0.dev0",