{"count":1,"self":234.4266496,"total":654.65857429999994,"children":{"InitializeActuators":{"count":5,"self":0.002525,"total":0.002525,"children":null},"InitializeSensors":{"count":5,"self":0.0025199999999999997,"total":0.0025199999999999997,"children":null},"AgentSendState":{"count":185734,"self":18.7396224,"total":23.899068999999997,"children":{"CollectObservations":{"count":185735,"self":0.3135349,"total":0.3135349,"children":null},"WriteActionMask":{"count":185735,"self":0.0706363,"total":0.0706363,"children":null},"RequestDecision":{"count":185735,"self":0.57284249999999992,"total":4.7752748,"children":{"AgentInfo.ToProto":{"count":185735,"self":0.4673638,"total":4.2024323,"children":{"GenerateSensorData":{"count":185735,"self":2.6536627999999998,"total":3.7350684999999997,"children":{"RayPerceptionSensor.Perceive":{"count":185735,"self":1.0814055999999999,"total":1.0814055999999999,"children":null}}}}}}}}},"DecideAction":{"count":185734,"self":392.3598336,"total":392.3598235,"children":null},"AgentAct":{"count":185734,"self":3.8894176,"total":3.8894173999999997,"children":null},"AgentInfo.ToProto":{"count":2039,"self":0.0082094,"total":0.077570199999999992,"children":{"GenerateSensorData":{"count":2039,"self":0.0543217,"total":0.0693608,"children":{"RayPerceptionSensor.Perceive":{"count":2039,"self":0.0150391,"total":0.0150391,"children":null}}}}}},"gauges":{"NpcBehavior.CumulativeReward":{"count":2039,"max":2130,"min":-1855,"runningAverage":-47.3785858,"value":-30,"weightedAverage":-42.5157852}},"metadata":{"timer_format_version":"0.1.0","start_time_seconds":"1723727988","unity_version":"2022.3.26f1","command_line_arguments":"C:\\Program Files\\Unity\\Hub\\Editor\\2022.3.26f1\\Editor\\Unity.exe -projectpath M:\\UnityGames\\Prototype_Tesis -useHub -hubIPC -cloudEnvironment production -licensingIpc LicenseClient-lalop -hubSessionId fdb59d63-19de-4e5a-983c-56e964ee99d1 -accessToken RP5APLHVnu5RItJHJkumfxbULrQQkC8iztkL6WWdmss004f","communication_protocol_version":"1.5.0","com.unity.ml-agents_version":"2.0.1","scene_name":"GridPlacement","end_time_seconds":"1723728642"}}